model,mean_fit_time,std_fit_time,mean_score_time,std_score_time,param_model__criterion,param_model__max_depth,param_model__min_samples_leaf,params,split0_test_score,split1_test_score,split2_test_score,split3_test_score,split4_test_score,mean_test_score,std_test_score,rank_test_score,split0_train_score,split1_train_score,split2_train_score,split3_train_score,split4_train_score,mean_train_score,std_train_score,param_model__C,param_model__n_neighbors,param_model__p,param_model__weights
DecisionTree,0.012868928909301757,0.001755925305209626,0.006006669998168945,0.0006697099952746768,gini,2,1.0,"{'model__criterion': 'gini', 'model__max_depth': 2, 'model__min_samples_leaf': 1}",0.8620689655172413,0.8275862068965517,0.9285714285714286,0.8571428571428571,0.9285714285714286,0.8807881773399014,0.040758895750615996,22,0.9469026548672567,0.9557522123893806,0.9385964912280702,0.9473684210526315,0.9210526315789473,0.9419344822232573,0.011767191404757345,,,,
DecisionTree,0.010612678527832032,0.0009413824606409316,0.006047964096069336,0.00040700862934903474,gini,2,2.0,"{'model__criterion': 'gini', 'model__max_depth': 2, 'model__min_samples_leaf': 2}",0.8275862068965517,0.8275862068965517,0.9285714285714286,0.8571428571428571,0.9285714285714286,0.8738916256157635,0.04593183330419722,25,0.9380530973451328,0.9469026548672567,0.9298245614035088,0.9473684210526315,0.9210526315789473,0.9366402732494954,0.010117649969203727,,,,
DecisionTree,0.012104654312133789,0.0033658159615542736,0.0060726642608642575,0.0002640255827611959,gini,2,4.0,"{'model__criterion': 'gini', 'model__max_depth': 2, 'model__min_samples_leaf': 4}",0.8620689655172413,0.8275862068965517,0.9285714285714286,0.8571428571428571,0.9285714285714286,0.8807881773399014,0.040758895750615996,22,0.9380530973451328,0.9469026548672567,0.9298245614035088,0.9473684210526315,0.9210526315789473,0.9366402732494954,0.010117649969203727,,,,
DecisionTree,0.01240544319152832,0.0031522624338177385,0.006839084625244141,0.0019724343279214573,gini,2,8.0,"{'model__criterion': 'gini', 'model__max_depth': 2, 'model__min_samples_leaf': 8}",0.8620689655172413,0.8275862068965517,0.9285714285714286,0.7857142857142857,0.9285714285714286,0.8665024630541872,0.056153314154021555,26,0.9380530973451328,0.9469026548672567,0.9298245614035088,0.9210526315789473,0.9210526315789473,0.9313771153547586,0.01001210733997054,,,,
DecisionTree,0.010477256774902344,0.00011952267462439855,0.005840444564819336,8.41506945332274e-05,gini,3,1.0,"{'model__criterion': 'gini', 'model__max_depth': 3, 'model__min_samples_leaf': 1}",0.7931034482758621,0.896551724137931,0.9285714285714286,0.8928571428571429,0.9642857142857143,0.8950738916256157,0.057126930003898034,9,1.0,1.0,1.0,0.9912280701754386,0.9912280701754386,0.9964912280701753,0.004297350425935413,,,,
DecisionTree,0.011111068725585937,0.0009019004752168917,0.0070193767547607425,0.0023915713007562804,gini,3,2.0,"{'model__criterion': 'gini', 'model__max_depth': 3, 'model__min_samples_leaf': 2}",0.7586206896551724,0.896551724137931,0.9285714285714286,0.8928571428571429,0.9642857142857143,0.8881773399014777,0.06971531186328306,10,0.9911504424778761,0.9911504424778761,0.9912280701754386,0.9649122807017544,0.9912280701754386,0.9859338612016767,0.010510847581930048,,,,
DecisionTree,0.010576915740966798,0.00038468810475413354,0.0057098388671875,0.00011535807496766543,gini,3,4.0,"{'model__criterion': 'gini', 'model__max_depth': 3, 'model__min_samples_leaf': 4}",0.7931034482758621,0.896551724137931,0.9642857142857143,0.8571428571428571,0.9285714285714286,0.8879310344827587,0.059154337151834775,12,0.9911504424778761,0.9911504424778761,0.9736842105263158,0.9473684210526315,0.9736842105263158,0.9754075454122031,0.016048737502682903,,,,
DecisionTree,0.010531473159790038,0.0001538058488370043,0.005678558349609375,0.00010652296649150413,gini,3,8.0,"{'model__criterion': 'gini', 'model__max_depth': 3, 'model__min_samples_leaf': 8}",0.7586206896551724,0.896551724137931,1.0,0.7857142857142857,0.9642857142857143,0.8810344827586206,0.09528423094075446,16,0.9734513274336283,0.9646017699115044,0.9473684210526315,0.9210526315789473,0.9736842105263158,0.9560316721006055,0.019935336845997298,,,,
DecisionTree,0.012551307678222656,0.0038060056613098926,0.0058629512786865234,0.0002340605110991474,gini,4,1.0,"{'model__criterion': 'gini', 'model__max_depth': 4, 'model__min_samples_leaf': 1}",0.7931034482758621,0.896551724137931,0.9285714285714286,0.9642857142857143,0.9285714285714286,0.9022167487684729,0.05861654992213133,3,1.0,1.0,1.0,0.9912280701754386,1.0,0.9982456140350877,0.0035087719298245723,,,,
DecisionTree,0.010425567626953125,0.0003453024108781445,0.005821895599365234,4.173466662514932e-05,gini,4,2.0,"{'model__criterion': 'gini', 'model__max_depth': 4, 'model__min_samples_leaf': 2}",0.7586206896551724,0.896551724137931,0.9285714285714286,0.8928571428571429,0.9642857142857143,0.8881773399014777,0.06971531186328306,10,0.9911504424778761,0.9911504424778761,0.9912280701754386,0.9649122807017544,0.9912280701754386,0.9859338612016767,0.010510847581930048,,,,
DecisionTree,0.010335350036621093,0.00022977884670458284,0.005761480331420899,0.00011052439377006609,gini,4,4.0,"{'model__criterion': 'gini', 'model__max_depth': 4, 'model__min_samples_leaf': 4}",0.7931034482758621,0.896551724137931,0.9642857142857143,0.8571428571428571,0.9285714285714286,0.8879310344827587,0.059154337151834775,12,0.9911504424778761,0.9911504424778761,0.9736842105263158,0.9473684210526315,0.9736842105263158,0.9754075454122031,0.016048737502682903,,,,
DecisionTree,0.012649106979370116,0.004323194746010235,0.006279850006103515,0.0009374854350689336,gini,4,8.0,"{'model__criterion': 'gini', 'model__max_depth': 4, 'model__min_samples_leaf': 8}",0.7586206896551724,0.896551724137931,1.0,0.7857142857142857,0.9642857142857143,0.8810344827586206,0.09528423094075446,16,0.9734513274336283,0.9646017699115044,0.9473684210526315,0.9210526315789473,0.9736842105263158,0.9560316721006055,0.019935336845997298,,,,
DecisionTree,0.010686349868774415,0.00026801902379326525,0.005981731414794922,0.000207080633323743,gini,5,1.0,"{'model__criterion': 'gini', 'model__max_depth': 5, 'model__min_samples_leaf': 1}",0.7931034482758621,0.896551724137931,0.9285714285714286,0.9642857142857143,0.9285714285714286,0.9022167487684729,0.05861654992213133,3,1.0,1.0,1.0,1.0,1.0,1.0,0.0,,,,
DecisionTree,0.011400365829467773,0.001643453474116284,0.005860042572021484,0.00034119634286819894,gini,5,2.0,"{'model__criterion': 'gini', 'model__max_depth': 5, 'model__min_samples_leaf': 2}",0.7586206896551724,0.896551724137931,0.9285714285714286,0.9642857142857143,0.9642857142857143,0.9024630541871922,0.07622506080471962,1,0.9911504424778761,0.9911504424778761,0.9912280701754386,0.9649122807017544,0.9912280701754386,0.9859338612016767,0.010510847581930048,,,,
DecisionTree,0.015171670913696289,0.005877113683126298,0.007194423675537109,0.0020548868351880304,gini,5,4.0,"{'model__criterion': 'gini', 'model__max_depth': 5, 'model__min_samples_leaf': 4}",0.7931034482758621,0.896551724137931,0.9642857142857143,0.8571428571428571,0.9285714285714286,0.8879310344827587,0.059154337151834775,12,0.9911504424778761,0.9911504424778761,0.9736842105263158,0.9473684210526315,0.9736842105263158,0.9754075454122031,0.016048737502682903,,,,
DecisionTree,0.011302328109741211,0.0016952769763517973,0.006083154678344726,0.0005888078526337596,gini,5,8.0,"{'model__criterion': 'gini', 'model__max_depth': 5, 'model__min_samples_leaf': 8}",0.7586206896551724,0.896551724137931,1.0,0.7857142857142857,0.9642857142857143,0.8810344827586206,0.09528423094075446,16,0.9734513274336283,0.9646017699115044,0.9473684210526315,0.9210526315789473,0.9736842105263158,0.9560316721006055,0.019935336845997298,,,,
DecisionTree,0.010473299026489257,0.00020739573799125453,0.005816268920898438,9.538309445506896e-05,gini,,1.0,"{'model__criterion': 'gini', 'model__max_depth': None, 'model__min_samples_leaf': 1}",0.7931034482758621,0.896551724137931,0.9285714285714286,0.9642857142857143,0.9285714285714286,0.9022167487684729,0.05861654992213133,3,1.0,1.0,1.0,1.0,1.0,1.0,0.0,,,,
DecisionTree,0.011157464981079102,0.0009339319896387497,0.006868839263916016,0.0022119856098193067,gini,,2.0,"{'model__criterion': 'gini', 'model__max_depth': None, 'model__min_samples_leaf': 2}",0.7586206896551724,0.896551724137931,0.9285714285714286,0.9642857142857143,0.9642857142857143,0.9024630541871922,0.07622506080471962,1,0.9911504424778761,0.9911504424778761,0.9912280701754386,0.9649122807017544,0.9912280701754386,0.9859338612016767,0.010510847581930048,,,,
DecisionTree,0.010341167449951172,0.0002515976941022799,0.005666399002075195,0.00017378490996510128,gini,,4.0,"{'model__criterion': 'gini', 'model__max_depth': None, 'model__min_samples_leaf': 4}",0.7931034482758621,0.896551724137931,0.9642857142857143,0.8571428571428571,0.9285714285714286,0.8879310344827587,0.059154337151834775,12,0.9911504424778761,0.9911504424778761,0.9736842105263158,0.9473684210526315,0.9736842105263158,0.9754075454122031,0.016048737502682903,,,,
DecisionTree,0.010261201858520507,0.0003273393701886827,0.005653190612792969,0.000105905350346174,gini,,8.0,"{'model__criterion': 'gini', 'model__max_depth': None, 'model__min_samples_leaf': 8}",0.7586206896551724,0.896551724137931,1.0,0.7857142857142857,0.9642857142857143,0.8810344827586206,0.09528423094075446,16,0.9734513274336283,0.9646017699115044,0.9473684210526315,0.9210526315789473,0.9736842105263158,0.9560316721006055,0.019935336845997298,,,,
DecisionTree,0.012630271911621093,0.004638574225780579,0.0057338237762451175,0.00015237335680497074,entropy,2,1.0,"{'model__criterion': 'entropy', 'model__max_depth': 2, 'model__min_samples_leaf': 1}",0.7931034482758621,0.8275862068965517,0.8571428571428571,0.8571428571428571,0.9285714285714286,0.8527093596059114,0.04467304058622516,37,0.9646017699115044,0.9557522123893806,0.956140350877193,0.9473684210526315,0.956140350877193,0.9560006210215806,0.005451520783124865,,,,
DecisionTree,0.010543441772460938,0.00031742117350777046,0.005587387084960938,7.811043857867516e-05,entropy,2,2.0,"{'model__criterion': 'entropy', 'model__max_depth': 2, 'model__min_samples_leaf': 2}",0.7931034482758621,0.8275862068965517,0.8571428571428571,0.8571428571428571,0.9285714285714286,0.8527093596059114,0.04467304058622516,37,0.9646017699115044,0.9469026548672567,0.956140350877193,0.9473684210526315,0.956140350877193,0.9542307095171557,0.006567248158451237,,,,
DecisionTree,0.010225868225097657,0.00015181671412565993,0.0056324958801269535,0.00010567668929941478,entropy,2,4.0,"{'model__criterion': 'entropy', 'model__max_depth': 2, 'model__min_samples_leaf': 4}",0.7931034482758621,0.8275862068965517,0.8571428571428571,0.8571428571428571,0.9285714285714286,0.8527093596059114,0.04467304058622516,37,0.9646017699115044,0.9469026548672567,0.956140350877193,0.9473684210526315,0.956140350877193,0.9542307095171557,0.006567248158451237,,,,
DecisionTree,0.012166738510131836,0.003780163871836143,0.00643773078918457,0.0014722728716584197,entropy,2,8.0,"{'model__criterion': 'entropy', 'model__max_depth': 2, 'model__min_samples_leaf': 8}",0.8620689655172413,0.8275862068965517,0.8571428571428571,0.7857142857142857,0.9285714285714286,0.852216748768473,0.04686280194689767,40,0.9292035398230089,0.9469026548672567,0.956140350877193,0.9210526315789473,0.956140350877193,0.9418879056047198,0.014327692638167995,,,,
DecisionTree,0.010618066787719727,0.00015834394342482383,0.00596776008605957,0.0002066148447118403,entropy,3,1.0,"{'model__criterion': 'entropy', 'model__max_depth': 3, 'model__min_samples_leaf': 1}",0.7931034482758621,0.896551724137931,0.8571428571428571,0.8928571428571429,0.9642857142857143,0.8807881773399014,0.055881483320653104,22,0.9911504424778761,1.0,1.0,0.9912280701754386,1.0,0.9964757025306629,0.004316435055054851,,,,
DecisionTree,0.011398935317993164,0.0010836452493852545,0.006157112121582031,0.000458008467268946,entropy,3,2.0,"{'model__criterion': 'entropy', 'model__max_depth': 3, 'model__min_samples_leaf': 2}",0.7931034482758621,0.896551724137931,0.8571428571428571,0.8928571428571429,0.8928571428571429,0.8665024630541872,0.03941348495110738,26,0.9911504424778761,0.9911504424778761,1.0,0.9649122807017544,0.9912280701754386,0.9876882471665891,0.011889725362002708,,,,
DecisionTree,0.012102317810058594,0.0018286025769526154,0.006567811965942383,0.0014740893161555777,entropy,3,4.0,"{'model__criterion': 'entropy', 'model__max_depth': 3, 'model__min_samples_leaf': 4}",0.7931034482758621,0.896551724137931,0.8214285714285714,0.8571428571428571,0.9642857142857143,0.8665024630541872,0.05995197346644879,26,0.9823008849557522,0.9911504424778761,0.9649122807017544,0.9473684210526315,0.9912280701754386,0.9753920198726906,0.016982272008475213,,,,
DecisionTree,0.010393714904785157,0.00032797671560637527,0.00565180778503418,3.832554742966897e-05,entropy,3,8.0,"{'model__criterion': 'entropy', 'model__max_depth': 3, 'model__min_samples_leaf': 8}",0.8620689655172413,0.896551724137931,0.8571428571428571,0.7857142857142857,0.9285714285714286,0.8660098522167488,0.047724813181410315,33,0.9292035398230089,0.9646017699115044,0.956140350877193,0.9210526315789473,0.956140350877193,0.9454277286135693,0.017055990552178865,,,,
DecisionTree,0.01047811508178711,0.0002357683030526341,0.00568232536315918,0.00014417789492349292,entropy,4,1.0,"{'model__criterion': 'entropy', 'model__max_depth': 4, 'model__min_samples_leaf': 1}",0.7931034482758621,0.896551724137931,0.8571428571428571,0.9642857142857143,0.9642857142857143,0.8950738916256158,0.06545146518555235,6,1.0,1.0,1.0,0.9912280701754386,1.0,0.9982456140350877,0.0035087719298245723,,,,
DecisionTree,0.013045740127563477,0.004163775532907318,0.0057370662689208984,0.00011818416421151825,entropy,4,2.0,"{'model__criterion': 'entropy', 'model__max_depth': 4, 'model__min_samples_leaf': 2}",0.7931034482758621,0.896551724137931,0.8571428571428571,0.8928571428571429,0.8928571428571429,0.8665024630541872,0.03941348495110738,26,0.9911504424778761,0.9911504424778761,1.0,0.9649122807017544,0.9912280701754386,0.9876882471665891,0.011889725362002708,,,,
DecisionTree,0.011571025848388672,0.0009015725933202514,0.006587600708007813,0.0009324284846985958,entropy,4,4.0,"{'model__criterion': 'entropy', 'model__max_depth': 4, 'model__min_samples_leaf': 4}",0.7931034482758621,0.896551724137931,0.8214285714285714,0.8571428571428571,0.9642857142857143,0.8665024630541872,0.05995197346644879,26,0.9823008849557522,0.9911504424778761,0.9649122807017544,0.9473684210526315,0.9912280701754386,0.9753920198726906,0.016982272008475213,,,,
DecisionTree,0.011126232147216798,0.0014437250099187432,0.007153797149658203,0.0025561911854948454,entropy,4,8.0,"{'model__criterion': 'entropy', 'model__max_depth': 4, 'model__min_samples_leaf': 8}",0.8620689655172413,0.896551724137931,0.8571428571428571,0.7857142857142857,0.9285714285714286,0.8660098522167488,0.047724813181410315,33,0.9292035398230089,0.9646017699115044,0.956140350877193,0.9210526315789473,0.956140350877193,0.9454277286135693,0.017055990552178865,,,,
DecisionTree,0.014027786254882813,0.004489508465434174,0.0076557636260986325,0.002883386787394106,entropy,5,1.0,"{'model__criterion': 'entropy', 'model__max_depth': 5, 'model__min_samples_leaf': 1}",0.7931034482758621,0.896551724137931,0.8571428571428571,0.9642857142857143,0.9642857142857143,0.8950738916256158,0.06545146518555235,6,1.0,1.0,1.0,1.0,1.0,1.0,0.0,,,,
DecisionTree,0.011378765106201172,0.0008366208838210163,0.007555961608886719,0.0030761183811401395,entropy,5,2.0,"{'model__criterion': 'entropy', 'model__max_depth': 5, 'model__min_samples_leaf': 2}",0.7931034482758621,0.896551724137931,0.8571428571428571,0.9642857142857143,0.8928571428571429,0.8807881773399016,0.055881483320653104,20,0.9911504424778761,0.9911504424778761,1.0,0.9649122807017544,0.9912280701754386,0.9876882471665891,0.011889725362002708,,,,
DecisionTree,0.010929012298583984,0.0004528019291592914,0.0059109687805175785,0.00033920194589903864,entropy,5,4.0,"{'model__criterion': 'entropy', 'model__max_depth': 5, 'model__min_samples_leaf': 4}",0.7931034482758621,0.896551724137931,0.8214285714285714,0.8571428571428571,0.9642857142857143,0.8665024630541872,0.05995197346644879,26,0.9823008849557522,0.9911504424778761,0.9649122807017544,0.9473684210526315,0.9912280701754386,0.9753920198726906,0.016982272008475213,,,,
DecisionTree,0.01078791618347168,0.0008350371906015622,0.0059162616729736325,0.0005354810928262953,entropy,5,8.0,"{'model__criterion': 'entropy', 'model__max_depth': 5, 'model__min_samples_leaf': 8}",0.8620689655172413,0.896551724137931,0.8571428571428571,0.7857142857142857,0.9285714285714286,0.8660098522167488,0.047724813181410315,33,0.9292035398230089,0.9646017699115044,0.956140350877193,0.9210526315789473,0.956140350877193,0.9454277286135693,0.017055990552178865,,,,
DecisionTree,0.01077117919921875,0.00040468938417157456,0.0059185981750488285,0.000319746839090942,entropy,,1.0,"{'model__criterion': 'entropy', 'model__max_depth': None, 'model__min_samples_leaf': 1}",0.7931034482758621,0.896551724137931,0.8571428571428571,0.9642857142857143,0.9642857142857143,0.8950738916256158,0.06545146518555235,6,1.0,1.0,1.0,1.0,1.0,1.0,0.0,,,,
DecisionTree,0.010837078094482422,0.00021362980550905479,0.005888462066650391,0.00016411381443473964,entropy,,2.0,"{'model__criterion': 'entropy', 'model__max_depth': None, 'model__min_samples_leaf': 2}",0.7931034482758621,0.896551724137931,0.8571428571428571,0.9642857142857143,0.8928571428571429,0.8807881773399016,0.055881483320653104,20,0.9911504424778761,0.9911504424778761,1.0,0.9649122807017544,0.9912280701754386,0.9876882471665891,0.011889725362002708,,,,
DecisionTree,0.011166524887084962,0.00042942691143106956,0.0061015129089355465,0.00036789152098497306,entropy,,4.0,"{'model__criterion': 'entropy', 'model__max_depth': None, 'model__min_samples_leaf': 4}",0.7931034482758621,0.896551724137931,0.8214285714285714,0.8571428571428571,0.9642857142857143,0.8665024630541872,0.05995197346644879,26,0.9823008849557522,0.9911504424778761,0.9649122807017544,0.9473684210526315,0.9912280701754386,0.9753920198726906,0.016982272008475213,,,,
DecisionTree,0.010899066925048828,0.0002552718232909817,0.006044578552246094,0.0010884991641005196,entropy,,8.0,"{'model__criterion': 'entropy', 'model__max_depth': None, 'model__min_samples_leaf': 8}",0.8620689655172413,0.896551724137931,0.8571428571428571,0.7857142857142857,0.9285714285714286,0.8660098522167488,0.047724813181410315,33,0.9292035398230089,0.9646017699115044,0.956140350877193,0.9210526315789473,0.956140350877193,0.9454277286135693,0.017055990552178865,,,,
LogisticRegression,0.018343734741210937,0.002250775704552538,0.007920122146606446,0.0001540875205970911,,,,{'model__C': 0.01},0.9655172413793104,1.0,1.0,0.9642857142857143,0.9642857142857143,0.9788177339901478,0.017301092934813727,2,0.9911504424778761,0.9823008849557522,0.9824561403508771,0.9824561403508771,0.9824561403508771,0.9841639496972518,0.0034937638699668394,0.01,,,
LogisticRegression,0.017747926712036132,0.0013143877780834505,0.009919977188110352,0.0037960454650244045,,,,{'model__C': 0.1},0.896551724137931,1.0,1.0,1.0,0.9642857142857143,0.972167487684729,0.0402586941517427,3,1.0,0.9911504424778761,0.9912280701754386,0.9912280701754386,1.0,0.9947213165657507,0.0043101201847825015,0.1,,,
LogisticRegression,0.01944441795349121,0.003262087700789433,0.007952499389648437,0.0002599462100015624,,,,{'model__C': 1},0.9310344827586207,1.0,1.0,1.0,0.9642857142857143,0.9790640394088669,0.027713464392187602,1,1.0,1.0,1.0,1.0,1.0,1.0,0.0,1.0,,,
LogisticRegression,0.01862368583679199,0.0004871182402686864,0.008971595764160156,0.001009063192796735,,,,{'model__C': 10},0.9310344827586207,1.0,1.0,1.0,0.9285714285714286,0.9719211822660098,0.0343982073893519,4,1.0,1.0,1.0,1.0,1.0,1.0,0.0,10.0,,,
LogisticRegression,0.017203140258789062,0.0014675624383665036,0.008211278915405273,0.0012493488583361066,,,,{'model__C': 100},0.9310344827586207,1.0,1.0,1.0,0.9285714285714286,0.9719211822660098,0.0343982073893519,4,1.0,1.0,1.0,1.0,1.0,1.0,0.0,100.0,,,
KNN,0.022843122482299805,0.0057485810967640725,0.015490579605102538,0.0036279895591897625,,,,"{'model__n_neighbors': 3, 'model__p': 1, 'model__weights': 'uniform'}",0.9310344827586207,1.0,0.9285714285714286,0.9285714285714286,0.9642857142857143,0.9504926108374384,0.028216755648511692,19,0.9823008849557522,0.9734513274336283,0.9736842105263158,1.0,0.9824561403508771,0.9823785126533146,0.009652091937506324,,3.0,1.0,uniform
KNN,0.012568187713623048,0.001539200281123722,0.00865030288696289,0.00019076937124896462,,,,"{'model__n_neighbors': 3, 'model__p': 1, 'model__weights': 'distance'}",0.9310344827586207,1.0,0.9285714285714286,0.9285714285714286,0.9642857142857143,0.9504926108374384,0.028216755648511692,19,1.0,1.0,1.0,1.0,1.0,1.0,0.0,,3.0,1.0,distance
KNN,0.012199115753173829,0.0010518472761489033,0.01109013557434082,0.0032087408113706307,,,,"{'model__n_neighbors': 3, 'model__p': 2, 'model__weights': 'uniform'}",0.896551724137931,0.9310344827586207,0.9642857142857143,0.9642857142857143,0.9285714285714286,0.9369458128078818,0.025423205775047617,23,0.9734513274336283,0.9734513274336283,0.9824561403508771,0.9736842105263158,0.9649122807017544,0.9735910572892408,0.005549028512017043,,3.0,2.0,uniform
KNN,0.013256359100341796,0.003969051591960196,0.010118484497070312,0.0028568829464571256,,,,"{'model__n_neighbors': 3, 'model__p': 2, 'model__weights': 'distance'}",0.896551724137931,0.9310344827586207,0.9642857142857143,0.9642857142857143,0.9285714285714286,0.9369458128078818,0.025423205775047617,23,1.0,1.0,1.0,1.0,1.0,1.0,0.0,,3.0,2.0,distance
KNN,0.012144374847412109,0.0010009752904488458,0.009889173507690429,0.0006049090560540239,,,,"{'model__n_neighbors': 5, 'model__p': 1, 'model__weights': 'uniform'}",0.896551724137931,1.0,0.9285714285714286,0.9285714285714286,0.9642857142857143,0.9435960591133006,0.03542348056817102,21,0.9823008849557522,0.9823008849557522,0.9824561403508771,0.9736842105263158,0.9824561403508771,0.9806396522279149,0.0034784138861884938,,5.0,1.0,uniform
KNN,0.013654661178588868,0.004451170176872108,0.008528995513916015,0.00011277873198523926,,,,"{'model__n_neighbors': 5, 'model__p': 1, 'model__weights': 'distance'}",0.896551724137931,1.0,0.9285714285714286,0.9285714285714286,0.9642857142857143,0.9435960591133006,0.03542348056817102,21,1.0,1.0,1.0,1.0,1.0,1.0,0.0,,5.0,1.0,distance
KNN,0.011392927169799805,0.0005572579763104462,0.009550046920776368,0.0003653910581095125,,,,"{'model__n_neighbors': 5, 'model__p': 2, 'model__weights': 'uniform'}",0.896551724137931,1.0,0.9642857142857143,0.9285714285714286,0.9642857142857143,0.9507389162561577,0.035274169431002235,15,0.9823008849557522,0.9646017699115044,0.9736842105263158,0.9824561403508771,0.9824561403508771,0.9770998292190655,0.007103506967227335,,5.0,2.0,uniform
KNN,0.011829042434692382,0.0006506338551997583,0.008553361892700196,0.00015064708422764188,,,,"{'model__n_neighbors': 5, 'model__p': 2, 'model__weights': 'distance'}",0.896551724137931,1.0,0.9642857142857143,0.9285714285714286,0.9642857142857143,0.9507389162561577,0.035274169431002235,15,1.0,1.0,1.0,1.0,1.0,1.0,0.0,,5.0,2.0,distance
KNN,0.012777376174926757,0.0025396521870666364,0.012037324905395507,0.004265507422078835,,,,"{'model__n_neighbors': 7, 'model__p': 1, 'model__weights': 'uniform'}",0.9655172413793104,1.0,1.0,0.9642857142857143,0.9642857142857143,0.9788177339901478,0.017301092934813727,1,0.9823008849557522,0.9734513274336283,0.9736842105263158,0.9824561403508771,0.9912280701754386,0.9806241266884024,0.006606404397385245,,7.0,1.0,uniform
KNN,0.011557388305664062,0.0005878360490493089,0.008511590957641601,0.00010931822304842508,,,,"{'model__n_neighbors': 7, 'model__p': 1, 'model__weights': 'distance'}",0.9655172413793104,1.0,1.0,0.9642857142857143,0.9642857142857143,0.9788177339901478,0.017301092934813727,1,1.0,1.0,1.0,1.0,1.0,1.0,0.0,,7.0,1.0,distance
KNN,0.012724685668945312,0.001478006000102013,0.010007953643798828,0.00036807648638852863,,,,"{'model__n_neighbors': 7, 'model__p': 2, 'model__weights': 'uniform'}",0.896551724137931,1.0,1.0,0.9285714285714286,0.9642857142857143,0.9578817733990148,0.040520048714638005,7,0.9646017699115044,0.9557522123893806,0.9649122807017544,0.9736842105263158,0.9649122807017544,0.964772550846142,0.005671902663524815,,7.0,2.0,uniform
KNN,0.01645007133483887,0.009398911926642287,0.011144924163818359,0.0024020348724198707,,,,"{'model__n_neighbors': 7, 'model__p': 2, 'model__weights': 'distance'}",0.896551724137931,1.0,1.0,0.9285714285714286,0.9642857142857143,0.9578817733990148,0.040520048714638005,7,1.0,1.0,1.0,1.0,1.0,1.0,0.0,,7.0,2.0,distance
KNN,0.014248991012573242,0.004779174447051245,0.010641813278198242,0.0011100883028585654,,,,"{'model__n_neighbors': 9, 'model__p': 1, 'model__weights': 'uniform'}",0.896551724137931,1.0,1.0,1.0,0.9642857142857143,0.972167487684729,0.0402586941517427,3,0.9823008849557522,0.9823008849557522,0.9824561403508771,0.9824561403508771,0.9824561403508771,0.9823940381928271,7.605929957406464e-05,,9.0,1.0,uniform
KNN,0.012028741836547851,0.0008957437787224931,0.008873701095581055,0.00025212906212556335,,,,"{'model__n_neighbors': 9, 'model__p': 1, 'model__weights': 'distance'}",0.896551724137931,1.0,1.0,1.0,0.9642857142857143,0.972167487684729,0.0402586941517427,3,1.0,1.0,1.0,1.0,1.0,1.0,0.0,,9.0,1.0,distance
KNN,0.01165304183959961,0.00020786690869912294,0.009693288803100586,0.00016448798946139758,,,,"{'model__n_neighbors': 9, 'model__p': 2, 'model__weights': 'uniform'}",0.896551724137931,1.0,0.9642857142857143,0.9285714285714286,0.9642857142857143,0.9507389162561577,0.035274169431002235,15,0.9734513274336283,0.9646017699115044,0.956140350877193,0.9736842105263158,0.9649122807017544,0.9665579878900792,0.006532434170897237,,9.0,2.0,uniform
KNN,0.014355993270874024,0.005043034926392392,0.008614873886108399,0.0002622442500581026,,,,"{'model__n_neighbors': 9, 'model__p': 2, 'model__weights': 'distance'}",0.896551724137931,1.0,0.9642857142857143,0.9285714285714286,0.9642857142857143,0.9507389162561577,0.035274169431002235,15,1.0,1.0,1.0,1.0,1.0,1.0,0.0,,9.0,2.0,distance
KNN,0.01222529411315918,0.0008066633727540441,0.00994868278503418,0.0007606721118632583,,,,"{'model__n_neighbors': 11, 'model__p': 1, 'model__weights': 'uniform'}",0.896551724137931,1.0,0.9642857142857143,1.0,0.9642857142857143,0.9650246305418719,0.037778787284229204,5,0.9823008849557522,0.9734513274336283,0.9824561403508771,0.9649122807017544,0.9912280701754386,0.9788697407234901,0.008961397354329359,,11.0,1.0,uniform
KNN,0.01178150177001953,0.00031043554380318517,0.008964920043945312,0.0001647041791742595,,,,"{'model__n_neighbors': 11, 'model__p': 1, 'model__weights': 'distance'}",0.896551724137931,1.0,0.9642857142857143,1.0,0.9642857142857143,0.9650246305418719,0.037778787284229204,5,1.0,1.0,1.0,1.0,1.0,1.0,0.0,,11.0,1.0,distance
KNN,0.013557243347167968,0.004139988393993292,0.009815835952758789,0.0005948811890048049,,,,"{'model__n_neighbors': 11, 'model__p': 2, 'model__weights': 'uniform'}",0.896551724137931,1.0,1.0,0.9285714285714286,0.9642857142857143,0.9578817733990148,0.040520048714638005,7,0.9734513274336283,0.9646017699115044,0.9736842105263158,0.9649122807017544,0.9649122807017544,0.9683123738549915,0.004293141545152466,,11.0,2.0,uniform
KNN,0.011389589309692383,0.0005533048669236707,0.010241937637329102,0.0036106993866675866,,,,"{'model__n_neighbors': 11, 'model__p': 2, 'model__weights': 'distance'}",0.896551724137931,1.0,1.0,0.9285714285714286,0.9642857142857143,0.9578817733990148,0.040520048714638005,7,1.0,1.0,1.0,1.0,1.0,1.0,0.0,,11.0,2.0,distance
KNN,0.011512994766235352,0.00043974578362770484,0.009401941299438476,9.676993956243634e-05,,,,"{'model__n_neighbors': 15, 'model__p': 1, 'model__weights': 'uniform'}",0.896551724137931,0.9655172413793104,0.9642857142857143,0.9642857142857143,0.9642857142857143,0.9509852216748769,0.02722092783821872,13,0.9823008849557522,0.9646017699115044,0.9824561403508771,0.956140350877193,0.9912280701754386,0.9753454432541531,0.012926407934825194,,15.0,1.0,uniform
KNN,0.012163496017456055,0.001653029572800321,0.008443498611450195,8.368547825206796e-05,,,,"{'model__n_neighbors': 15, 'model__p': 1, 'model__weights': 'distance'}",0.896551724137931,0.9655172413793104,0.9642857142857143,0.9642857142857143,0.9642857142857143,0.9509852216748769,0.02722092783821872,13,1.0,1.0,1.0,1.0,1.0,1.0,0.0,,15.0,1.0,distance
KNN,0.011910533905029297,0.0010645175442566095,0.010131168365478515,0.0007738314384575334,,,,"{'model__n_neighbors': 15, 'model__p': 2, 'model__weights': 'uniform'}",0.896551724137931,1.0,0.9642857142857143,0.9642857142857143,0.9642857142857143,0.9578817733990148,0.03364030716571988,7,0.9734513274336283,0.9734513274336283,0.9649122807017544,0.9736842105263158,0.9736842105263158,0.9718366713243285,0.0034637614352709214,,15.0,2.0,uniform
KNN,0.012295293807983398,0.0019177995904858882,0.00895676612854004,0.0007747445328013455,,,,"{'model__n_neighbors': 15, 'model__p': 2, 'model__weights': 'distance'}",0.896551724137931,1.0,0.9642857142857143,0.9642857142857143,0.9642857142857143,0.9578817733990148,0.03364030716571988,7,1.0,1.0,1.0,1.0,1.0,1.0,0.0,,15.0,2.0,distance
